timestamp,open,high,low,close,volume
2024-06-05T17:30:00.000Z,461.56,463.60999,461.56,463.53,15640606
2024-06-06T13:30:00.000Z,464.23001,464.54001,462.48001,463.72,12025247
2024-06-06T17:30:00.000Z,463.69,463.965,462.19,463.41,8385185
2024-06-07T13:30:00.000Z,462.95999,465.73999,461.84,465.029999,13927114
2024-06-07T17:30:00.000Z,465,465.35989,461.94,462.98001,9134507
2024-06-10T13:30:00.000Z,461.85999,465.019989,461.53,463.59,10232101
2024-06-10T17:30:00.000Z,463.59,465.19,462.87,464.79001,9294545
2024-06-11T13:30:00.000Z,463.51999,465.60001,462.029999,465.049988,12086123
2024-06-11T17:30:00.000Z,465.059998,468.14001,465.024994,468.049988,8728700
2024-06-12T13:30:00.000Z,471.42999,475.42999,471.41,474.92999,17507819
2024-06-12T17:30:00.000Z,474.89001,476.5,472.72,474.14001,13947427
2024-06-13T13:30:00.000Z,477.67999,478.39001,474.42001,476.19,16502146
2024-06-13T17:30:00.000Z,476.20999,477.62,475.642,476.70999,7510848
2024-06-14T13:30:00.000Z,476.51999,478.73001,476.049988,478.5499,14496109
2024-06-14T17:30:00.000Z,478.53,479.26001,477.78989,479.17081,7413108
2024-06-17T13:30:00.000Z,479.41,484.37,478.14001,484.18991,16699142
2024-06-17T17:30:00.000Z,484.20001,486.85999,484.13,485.049988,17134999
2024-06-18T13:30:00.000Z,485.059998,485.67999,483.42999,485.56,14512872
2024-06-18T17:30:00.000Z,485.57001,485.89999,484.26999,485.23001,7807700
2024-06-20T13:30:00.000Z,486.42001,486.83871,480.5,480.81,17161615
2024-06-20T17:30:00.000Z,480.85001,482.54901,479.64001,481.38,13882943
2024-06-21T13:30:00.000Z,481.14999,482.535,478.67001,480.164,20497866
2024-06-21T17:30:00.000Z,480.155,481.049988,479.51999,480.079987,13877144
2024-06-24T13:30:00.000Z,478.12,479.92001,475.39999,475.7085,18977192
2024-06-24T17:30:00.000Z,475.69,476.5199,473.84,474,15106294
2024-06-25T13:30:00.000Z,476.089996,479.3291,475.12,477.67999,17590817
2024-06-25T17:30:00.000Z,477.69,479.67999,477.25,479.35001,7415171
2024-06-26T13:30:00.000Z,478.52802,480.85999,478.185,479.34,11904533
2024-06-26T17:30:00.000Z,479.28,480.91,478.56,480.39001,7949883
2024-06-27T13:30:00.000Z,480.13,483.089996,479.29999,481.69,13689662
2024-06-27T17:30:00.000Z,481.69,482,480.29001,481.54999,9482394
2024-06-28T13:30:00.000Z,482.39999,487.19,480.39001,481.91,18484972
2024-06-28T17:30:00.000Z,481.91,482.42999,478.4613,478.98999,13842701
2024-07-01T13:30:00.000Z,479.92001,481.39001,476.26001,480.89001,15967866
2024-07-01T17:30:00.000Z,480.85001,482.47,480.35831,481.92001,7452350
2024-07-02T13:30:00.000Z,480.38,485.30801,480.28,485.029999,13033123
2024-07-02T17:30:00.000Z,485.040009,487.029999,484.70001,487.029999,9729408
2024-07-03T13:30:00.000Z,486.26999,491.16891,486.26999,491.040009,17837155
2024-07-05T13:30:00.000Z,491.91,496.125,491.59,495.96069,17042724
2024-07-05T17:30:00.000Z,495.98001,496.60001,495.48001,496.23999,9076394
2024-07-08T13:30:00.000Z,496.56,497.48001,495.5,497,13944196
2024-07-08T17:30:00.000Z,497,497.89499,496.019989,497.39001,6777279
2024-07-09T13:30:00.000Z,499.040009,500,496.23999,496.6405,14708723
2024-07-09T17:30:00.000Z,496.63,497.91,496.57101,497.76999,8858942
2024-07-10T13:30:00.000Z,499.70999,502.32001,498.39001,501.98401,14602545
2024-07-10T17:30:00.000Z,502.029999,503.51999,501.88,502.97,9965207
2024-07-11T13:30:00.000Z,503.059998,503.28,491.76999,493.26999,31146819
2024-07-11T17:30:00.000Z,493.25,493.535,490.72501,491.91,15775781
2024-07-12T13:30:00.000Z,492.5,497.89999,492.040009,497.89001,18675660
2024-07-12T17:30:00.000Z,497.88,499.61938,494.10999,494.87,13598729
2024-07-15T13:30:00.000Z,496.63,501.01001,495.92001,496.48999,18824738
2024-07-15T17:30:00.000Z,496.39999,497.35999,494.089996,496.16,10908729
2024-07-16T13:30:00.000Z,497.69,498.44,493.14999,494.26001,15734111
2024-07-16T17:30:00.000Z,494.26999,496.69,493.66,496.39001,8455374
2024-07-17T13:30:00.000Z,488.125,488.7984,482.20999,483.13,32648649
2024-07-17T17:30:00.000Z,483.10001,484.040009,481.70001,481.79999,17841124
2024-07-18T13:30:00.000Z,485.48999,485.70001,476.57999,479.72,28644612
2024-07-18T17:30:00.000Z,479.73001,481.12,476.28,479.53,16697283
2024-07-19T13:30:00.000Z,479.029999,481.67999,473.94,474.85001,24227452
2024-07-19T17:30:00.000Z,474.81,477.069885,474.17001,475.23999,13912091
2024-07-22T13:30:00.000Z,481.12,482.85999,477.76001,481.8201,24644745
2024-07-22T17:30:00.000Z,481.84,483.35001,481.78,482.32999,10923347
2024-07-23T13:30:00.000Z,481.41,484.42999,480.45999,481.56,15022008
2024-07-23T17:30:00.000Z,481.47501,482.38,480.14999,480.63,6174756
2024-07-24T13:30:00.000Z,473.81,474.19,465.90009,466.85001,29375877
2024-07-24T17:30:00.000Z,466.87,467.51999,462.51001,463.32999,23231169
2024-07-25T13:30:00.000Z,463.72,467.92999,455.63,464.91989,39001503
2024-07-25T17:30:00.000Z,464.95999,465.82001,458.049988,458.25,16184245
2024-07-26T13:30:00.000Z,462.67001,465.9201,459.78,465.73999,25452841
2024-07-26T17:30:00.000Z,465.75,465.85001,461.26999,463,12925987
2024-07-29T13:30:00.000Z,465,467.91,461.61499,465.059998,18471652
2024-07-29T17:30:00.000Z,465.070007,466.01001,463.29001,463.84,8202533
2024-07-30T13:30:00.000Z,465.85001,466.561,454.14999,456.70001,20375295
2024-07-30T17:30:00.000Z,456.7059,459.23999,456.23999,457.38,13941623
2024-07-31T13:30:00.000Z,467.92001,471.35999,466.41,469.5799,23390053
2024-07-31T17:30:00.000Z,469.54999,472.79001,467.30359,471.049988,17383542
2024-08-01T13:30:00.000Z,471.94,475.54999,458.828,459.51001,28888510
2024-08-01T17:30:00.000Z,459.51999,460.48001,455.98001,459.79999,21805708
2024-08-02T13:30:00.000Z,450.47009,453.565,444.5,446.89001,46925667
2024-08-02T17:30:00.000Z,446.8595,449.39999,445.95499,448.67999,15918075
2024-08-05T13:30:00.000Z,424.67999,442.29001,423.45001,437.57999,56621659
2024-08-05T17:30:00.000Z,437.56,439.35001,432.73001,435.75,26154570
2024-08-06T13:30:00.000Z,437.23001,446.25,434.56,445.63,35157901
2024-08-06T17:30:00.000Z,445.64999,447.070007,439.44,439.56,21824227
2024-08-07T13:30:00.000Z,446.66,449,439.26999,440.35989,32060503
2024-08-07T17:30:00.000Z,440.33499,441.4874,434.37,434.82001,20555534
2024-08-08T13:30:00.000Z,441.14999,447.56,437.14999,447.54999,26139757
2024-08-08T17:30:00.000Z,447.59,448.98001,445.35999,448.20001,17559568
2024-08-09T13:30:00.000Z,446.85001,451.64001,445.63,451.64001,20283147
2024-08-09T17:30:00.000Z,451.67001,452.059998,449.42001,450.53,11704505
2024-08-12T13:30:00.000Z,451.35001,454.37,448.5546,451.655,18456296
2024-08-12T17:30:00.000Z,451.70001,452.10919,449.94,451.47,7564270
2024-08-13T13:30:00.000Z,455.82999,462.17999,455.70001,461.73999,20679668
2024-08-13T17:30:00.000Z,461.76999,462.84,460.23001,462.60001,14052783
2024-08-14T13:30:00.000Z,463.5,465.10931,458.39999,462.25,23733908
2024-08-14T17:30:00.000Z,462.22,463.63,461.14999,462.82001,9835133
2024-08-15T13:30:00.000Z,468.81,473.98999,468.38,473.34,22936038
2024-08-15T17:30:00.000Z,473.32999,474.82001,473.32999,474.5,11566157
2024-08-16T13:30:00.000Z,472.72,476.41,471.66061,475.87,25199319
2024-08-16T17:30:00.000Z,475.85999,476.079987,474.26999,475.019989,8133932
2024-08-19T13:30:00.000Z,475.12,477.56,473.37,477.2775,12565704
2024-08-19T17:30:00.000Z,477.29999,481.30991,477.079987,481.26999,8705821
2024-08-20T13:30:00.000Z,480.35001,482.94,478.54999,479.64001,18167393
2024-08-20T17:30:00.000Z,479.64999,481.53201,479.34,480.20001,8909548
2024-08-21T13:30:00.000Z,481,484.35999,479.32001,481.34009,14833790
2024-08-21T17:30:00.000Z,481.35999,483.66,480.75,482.53,9054923
2024-08-22T13:30:00.000Z,484.82999,485.51999,476.79999,477.91989,19585036
2024-08-22T17:30:00.000Z,477.89001,478.0755,473.81,474.82999,14910099
2024-08-23T13:30:00.000Z,479.25,482.73001,475.28,478.47,24277970
2024-08-23T17:30:00.000Z,478.54001,480.54001,477.98999,480.019989,10146013
2024-08-26T13:30:00.000Z,479.57999,480.38,473.23999,475.38,17060063
2024-08-26T17:30:00.000Z,475.39999,476.091705,473.43039,475.32999,8604680
2024-08-27T13:30:00.000Z,473.75,477.82999,471.70999,477.2309,18279561
2024-08-27T17:30:00.000Z,477.28,477.785,476.34,476.82999,7086242
2024-08-28T13:30:00.000Z,476.29001,477.019989,469.32999,471.51999,17137744
2024-08-28T17:30:00.000Z,471.51999,472.76001,467.91,471.28,15003713
2024-08-29T13:30:00.000Z,473.28,477.92999,472.78,476.13,21870148
2024-08-29T17:30:00.000Z,476.14001,476.57999,469.37201,470.70001,16865890
2024-08-30T13:30:00.000Z,475.25009,476.73001,470.51001,472.76999,20356226
2024-08-30T17:30:00.000Z,472.82001,476.89999,472.040009,476.39001,11275782
2024-09-03T13:30:00.000Z,473.17001,473.29999,464.69,465.76001,24309375
2024-09-03T17:30:00.000Z,465.70999,465.88,459.4101,461.82001,16996630
2024-09-04T13:30:00.000Z,458.70999,464.45001,457.76999,462.14999,20730566
2024-09-04T17:30:00.000Z,462.12,462.57001,459.39001,460.60001,10080062
2024-09-05T13:30:00.000Z,459,465.22,457.939,459.10001,21673207
2024-09-05T17:30:00.000Z,459.079987,462.72,459.049988,461.14001,9681352
2024-09-06T13:30:00.000Z,460.25,461.22,448.19,449.70999,32675053
2024-09-06T17:30:00.000Z,449.69,450.67999,448.25,448.87,14691613
2024-09-09T13:30:00.000Z,453.12,455.45999,449.82339,455.12,21143689
2024-09-09T17:30:00.000Z,455.059998,455.10001,451.56,454.51001,9514920
2024-09-10T13:30:00.000Z,456.32001,457.82001,452.23001,456.019989,17552659
2024-09-10T17:30:00.000Z,456,459.17001,455.89001,458.67001,10428873
2024-09-11T13:30:00.000Z,458.75,462.089996,451.28,461.85001,30325883
2024-09-11T17:30:00.000Z,461.87,469.37,461.72241,468.45001,23065252
2024-09-12T13:30:00.000Z,468.25,472.51999,466.89999,472.20001,22321625
2024-09-12T17:30:00.000Z,472.17001,474.040009,471.029999,473.23999,15450833
2024-09-13T13:30:00.000Z,472.25,476.29001,472.25,476.22,17442143
2024-09-13T17:30:00.000Z,476.17999,476.53,474.5,475.38,10037238
2024-09-16T13:30:00.000Z,473.245,473.85989,469.89001,471.95999,14917757
2024-09-16T17:30:00.000Z,471.98599,473.54999,471.92999,473.22,5780968
2024-09-17T13:30:00.000Z,476.67999,477.60001,471.53,473.45999,18379254
2024-09-17T17:30:00.000Z,473.41,473.8399,470.98001,473.51001,9278099
2024-09-18T13:30:00.000Z,474.5,474.63,471.25,474.10999,11367646
2024-09-18T17:30:00.000Z,474.10001,478.79999,470.82999,471.32001,25740438
2024-09-19T13:30:00.000Z,482.25,485.54001,480.48999,485.26111,28178196
2024-09-19T17:30:00.000Z,485.27499,486.23001,482.95001,483.41,20125928
2024-09-20T13:30:00.000Z,482.45999,483.62869,478.29999,481.78,20561896
2024-09-20T17:30:00.000Z,481.76999,483.69,480.13,482.42999,10749682
2024-09-23T13:30:00.000Z,482.92999,484.14001,481.60001,482.16,14118088
2024-09-23T17:30:00.000Z,482.17999,483.32001,481.91,483.019989,6673224
2024-09-24T13:30:00.000Z,484.45999,486.32999,480.17001,485.31,17303322
2024-09-24T17:30:00.000Z,485.32901,485.83801,483.87,485.35001,6922794
2024-09-25T13:30:00.000Z,485,487.75,484.56,485.6506,13640274
2024-09-25T17:30:00.000Z,485.62,486.2359,484.63,485.92999,13151461
2024-09-26T13:30:00.000Z,492.75,493.029999,485.79999,487.272,19422336
2024-09-26T17:30:00.000Z,487.25061,489.95999,487.23001,489.44,9938721
2024-09-27T13:30:00.000Z,490,490.38,486.48001,487.015015,13166176
2024-09-27T17:30:00.000Z,487.019989,488.42999,485.57001,486.78,8119440
2024-09-30T13:30:00.000Z,485.75,487.79001,484.59,485.72,12961164
2024-09-30T17:30:00.000Z,485.70001,488.41,482.92999,488.049988,14771135
2024-10-01T13:30:00.000Z,487.82999,488,477.42,478.20999,26540764
2024-10-01T17:30:00.000Z,478.20999,483.56,478.01001,481.17001,13402579
2024-10-02T13:30:00.000Z,480.36249,483.88,477.73999,482.19,15774878
2024-10-02T17:30:00.000Z,482.14999,483.13,481.01001,481.94,5762754
2024-10-03T13:30:00.000Z,479.85999,484.54501,478.98999,480.55661,16969202
2024-10-03T17:30:00.000Z,480.4801,482.029999,479.82001,481.62,6511358
2024-10-04T13:30:00.000Z,487.51001,487.70999,482.38501,485.47,18976700
2024-10-04T17:30:00.000Z,485.47,487.87,484.019989,487.48999,8463549
2024-10-07T13:30:00.000Z,485.42001,486.57001,484.25,485.14001,10269611
2024-10-07T17:30:00.000Z,485.10999,485.7692,480.87,482.059998,12031913
2024-10-08T13:30:00.000Z,484.66,488.64999,483.845,486.84,16028518
2024-10-08T17:30:00.000Z,486.88,489.98999,486.6701,489.32999,9107735
2024-10-09T13:30:00.000Z,489.049988,492.89999,487.95999,492.23999,15186354
2024-10-09T17:30:00.000Z,492.17749,493.73001,490.73001,493.17999,7914956
2024-10-10T13:30:00.000Z,490.87,494.45001,489.53,493.31,17494044
2024-10-10T17:30:00.000Z,493.31,493.64001,491.23001,492.60001,6694461
2024-10-11T13:30:00.000Z,490.73999,494.10001,490.17001,493.13,13079489
2024-10-11T17:30:00.000Z,493.12,494.38,492.76999,493.34,5320161
2024-10-14T13:30:00.000Z,495.76001,498.82999,495.26001,497.16,17396827
2024-10-14T17:30:00.000Z,497.16,498.59,496.87,497.5,7285283
2024-10-15T13:30:00.000Z,497.82999,498.5,490.56,491.029999,20131406
2024-10-15T17:30:00.000Z,491.019989,491.92999,488.72,490.78,12254899
2024-10-16T13:30:00.000Z,491.10999,491.23001,487.57001,490.10001,14253172
2024-10-16T17:30:00.000Z,490.059998,491.69,490.035004,490.92001,6660608
2024-10-17T13:30:00.000Z,496.35999,496.48999,491.5401,494.049988,16803448
2024-10-17T17:30:00.000Z,494.049988,494.70001,491.19009,491.35001,8250319
2024-10-18T13:30:00.000Z,494.049988,495.57001,493.29999,494.69,16347752
2024-10-18T17:30:00.000Z,494.72,495.079987,493.72,494.51001,8034407
2024-10-21T13:30:00.000Z,493.26001,496.23001,491.31,494.29001,17732672
2024-10-21T17:30:00.000Z,494.29999,495.53,493.67999,495.47,8837154
2024-10-22T13:30:00.000Z,492.73999,495.5,491.97,495.084991,15390170
2024-10-22T17:30:00.000Z,495.12,497.44501,495.060089,496.029999,9561378
2024-10-23T13:30:00.000Z,493.57999,494.23999,487.029999,487.71329,20429601
2024-10-23T17:30:00.000Z,487.66379,488.62,485.049988,488.37,14639545
2024-10-24T13:30:00.000Z,492.13,492.46661,489.44,491.76999,12873896
2024-10-24T17:30:00.000Z,491.76001,493,491.049988,492.32999,6623417
2024-10-25T13:30:00.000Z,495.16,500.28,495.13,496.95001,24812572
2024-10-25T17:30:00.000Z,496.94,497.20001,494.42999,495.26001,11645315
2024-10-28T13:30:00.000Z,497.48999,498.51501,495.60001,496.32999,11985638
2024-10-28T17:30:00.000Z,496.42999,496.88,495.10001,495.37,7183776
2024-10-29T13:30:00.000Z,495.73999,499.92001,493.85001,499.41501,14357216
2024-10-29T17:30:00.000Z,499.42999,501.34891,499.20999,500.14001,10144518
2024-10-30T13:30:00.000Z,499.35001,500.35001,496.60001,498.42001,13321148
2024-10-30T17:30:00.000Z,498.38199,498.63,495.89001,496.38,12844134
2024-10-31T13:30:00.000Z,492.38,492.42999,484.17999,485.26999,22889802
2024-10-31T17:30:00.000Z,485.25,486.78,483.75,483.89001,14584610
2024-11-01T13:30:00.000Z,485.45999,490.7507,485.20999,489.78,17755556
2024-11-01T17:30:00.000Z,489.78,489.82001,486.79999,487.39999,12665404
2024-11-04T14:30:00.000Z,486.79999,489.38,484.25449,487.25,13354018
2024-11-04T18:30:00.000Z,487.14999,488.14001,485.63501,485.95999,7938616
2024-11-05T14:30:00.000Z,487.62,492.88,487.62,491.6799,13297620
2024-11-05T18:30:00.000Z,491.69009,492.40991,490.7316,492.25,7887156
2024-11-06T14:30:00.000Z,500.73001,504.67999,499.60001,504.67999,26566994
2024-11-06T18:30:00.000Z,504.67001,506.41,504.34061,505.62,11644769
2024-11-07T14:30:00.000Z,508.47198,512.98901,508.34,512.40002,16677631
2024-11-07T18:30:00.000Z,512.38,514.33002,511.88,513.59998,13052590
2024-11-08T14:30:00.000Z,513.12,514.22498,512.41998,514.15002,12461282
2024-11-08T18:30:00.000Z,514.15002,514.91748,513.56,514.15997,7921138
2024-11-11T14:30:00.000Z,515.42999,515.57001,510.92001,511.94,13780805
2024-11-11T18:30:00.000Z,511.92001,513.94,511.8801,513.83002,8016685
2024-11-12T14:30:00.000Z,513.73999,514.65997,509.82999,511.44,13818004
2024-11-12T18:30:00.000Z,511.42001,513.57001,511.41,512.90997,9286862
2024-11-13T14:30:00.000Z,512.46002,514.22998,509.9664,514.030029,12626485
2024-11-13T18:30:00.000Z,514.01001,514.97998,511.45001,512.27002,9240769
2024-11-14T14:30:00.000Z,512.45007,512.78998,508.95999,510.86221,12568071
2024-11-14T18:30:00.000Z,510.87,511,507.76999,508.67001,13433895
2024-11-15T14:30:00.000Z,502.92999,503.31,495.48001,496.14001,32267953
2024-11-15T18:30:00.000Z,496.13,496.95999,494.5,496.45999,15262884
2024-11-18T14:30:00.000Z,498.14001,502.14001,496.73001,500.32001,16235691
2024-11-18T18:30:00.000Z,500.32999,500.73999,499,500,8907221
2024-11-19T14:30:00.000Z,497.42001,502.4599,497.079987,502.45001,13644852
2024-11-19T18:30:00.000Z,502.32999,503.95361,502,503.39999,9069501
2024-11-20T14:30:00.000Z,503.16,503.20001,496.55499,500.10001,18592079
2024-11-20T18:30:00.000Z,500.12,503.47,498.47,503.20001,8150998
2024-11-21T14:30:00.000Z,506.23001,506.95999,497.56,505.535,23748802
2024-11-21T18:30:00.000Z,505.54999,506.31,504.2019,504.98001,8492873
2024-11-22T14:30:00.000Z,504.42001,506.53,502.7807,505.84,13479960
2024-11-22T18:30:00.000Z,505.75,506.35361,504.50101,505.81,7745458
2024-11-25T14:30:00.000Z,509.01001,511.45251,504.26251,506.41,18142575
2024-11-25T18:30:00.000Z,506.38,506.8299,505.34,506.56,6324464
2024-11-26T14:30:00.000Z,508.079987,510.14001,507.63501,508.565,12853556
2024-11-26T18:30:00.000Z,508.52991,509.70999,507.23639,509.29999,11527934
2024-11-27T14:30:00.000Z,508.17001,508.17001,501.94,504.20999,15164240
2024-11-27T18:30:00.000Z,504.20001,505.64999,504.10501,505.28,8290718
2024-11-29T14:30:00.000Z,505.98001,510.31,505.35001,509.69,15227767
2024-11-29T18:30:00.000Z,509.73999,509.73999,509.73999,509.73999,7
2024-12-02T14:30:00.000Z,511.01001,516.26001,510.63,515.1217,14877786
2024-12-02T18:30:00.000Z,515.11749,515.8382,514.28003,515.29999,7307032
2024-12-03T14:30:00.000Z,513.91998,516.47998,513.37,515.65997,11217549
2024-12-03T18:30:00.000Z,515.63068,517.14001,515.33002,516.91998,4518721
2024-12-04T14:30:00.000Z,520.31,522.22998,519.62,521.5,14316356
2024-12-04T18:30:00.000Z,521.52002,523.51001,520.88,523.25,9173696
2024-12-05T14:30:00.000Z,523.34998,524.039917,521.98999,522.42999,9037397
2024-12-05T18:30:00.000Z,522.41998,522.97998,521.41998,521.79999,7415879
2024-12-06T14:30:00.000Z,522.51001,526.71997,522.34998,526.5,12593319
2024-12-06T18:30:00.000Z,526.5,526.625,525.38,526.51001,8468585
2024-12-09T14:30:00.000Z,525.52002,526.34998,521.21997,523.26001,11123946
2024-12-09T18:30:00.000Z,523.23999,523.96002,521.33002,522.37,6366826
2024-12-10T14:30:00.000Z,523.62,525.38,521.40997,522.17999,12587885
2024-12-10T18:30:00.000Z,522.22998,522.40002,519.16998,520.54999,9154618
2024-12-11T14:30:00.000Z,524.90002,530.13202,524.59998,530.10999,17541673
2024-12-11T18:30:00.000Z,530.12,530.60999,529.59003,529.91998,11132789
2024-12-12T14:30:00.000Z,527.66998,528.95001,526.02002,528.56,13516469
2024-12-12T18:30:00.000Z,528.58002,528.59998,526.5,526.5,7016295
2024-12-13T14:30:00.000Z,530.46002,533.16608,527.30011,529.13,18326976
2024-12-13T18:30:00.000Z,529.13,531.15002,528.84998,530.5,8089834
2024-12-16T14:30:00.000Z,533,538.5,533,538.41498,15595496
2024-12-16T18:30:00.000Z,538.40002,539.15002,537.81372,538.20001,12437936
2024-12-17T14:30:00.000Z,536.375,537.47998,534.13,535.84003,16728971
2024-12-17T18:30:00.000Z,535.79999,536.22998,534.34998,535.87,8658186
2024-12-18T14:30:00.000Z,535.099976,536.87988,533.46002,535.48499,9278505
2024-12-18T18:30:00.000Z,535.45001,535.82001,515.02002,516.53998,36733479
2024-12-19T14:30:00.000Z,521.20001,521.75989,515.39001,517.77002,28756615
2024-12-19T18:30:00.000Z,517.77002,519.47998,513.84003,514.16998,14486436
2024-12-20T14:30:00.000Z,510.37,524.82001,509.29999,521.40002,54560719
2024-12-20T18:30:00.000Z,521.40997,523.35999,517.65997,518.79999,57647501
2024-12-23T14:30:00.000Z,519.5,522.29999,516.13,521.94,16204359
2024-12-23T18:30:00.000Z,521.92999,523.2348,520.68372,522.91998,10121601
2024-12-24T14:30:00.000Z,524.77002,529.98999,524.27972,529.98999,17484886
2024-12-24T18:30:00.000Z,529.96002,529.96002,529.96002,529.96002,0
2024-12-26T14:30:00.000Z,528.34003,531.23999,526.31,530.29999,12081536
2024-12-26T18:30:00.000Z,530.31,530.87,529.32001,529.54999,5966601
2024-12-27T14:30:00.000Z,526.01001,526.42999,517.86798,519.935,19963029
2024-12-27T18:30:00.000Z,519.91998,522.85999,519.71002,522.57001,23144712
2024-12-30T14:30:00.000Z,515.51001,519.34003,511.82999,518.23999,28285798
2024-12-30T18:30:00.000Z,518.22998,519.27002,515.46997,515.54999,5375776
2024-12-31T14:30:00.000Z,516.995,517.65997,510.95001,511.19009,10774937
2024-12-31T18:30:00.000Z,511.39999,513.46002,510.28,511.17999,32532561
2025-01-02T14:30:00.000Z,514.35999,516.63,505.70999,507.67249,23794895
2025-01-02T18:30:00.000Z,507.57999,510.75,505.84,510.14999,10806832
2025-01-03T14:30:00.000Z,513.34998,518.29999,512.53003,518.28998,14953751
2025-01-03T18:30:00.000Z,518.29749,519.64539,517.71997,518.56,10558018
2025-01-06T14:30:00.000Z,523.97998,527.90997,523.78998,525.28998,19746080
2025-01-06T18:30:00.000Z,525.28003,525.37,522.030029,524.52002,12697762
2025-01-07T14:30:00.000Z,525.73999,525.98999,515.88,518.80988,17667608
2025-01-07T18:30:00.000Z,518.78003,518.78003,513.28003,515.14001,29239464
2025-01-08T14:30:00.000Z,515.080017,516.57031,510.57001,515.78998,17672477
2025-01-08T18:30:00.000Z,515.78003,516.91992,513.34003,515.29999,9681401
2025-01-10T14:30:00.000Z,511.47,511.57999,503.92001,509.54001,26761160
2025-01-10T18:30:00.000Z,509.54001,511.10001,506.45001,507.22,10964844
2025-01-13T14:30:00.000Z,501.23001,504.44,499.70001,504.23499,20126370
2025-01-13T18:30:00.000Z,504.22,506.01001,502.91,505.60001,7315277
2025-01-14T14:30:00.000Z,508.17001,510.155,502.029999,505.51001,14108351
2025-01-14T18:30:00.000Z,505.51001,507.26999,501.59,505.040009,26645954
2025-01-15T14:30:00.000Z,513.039978,516.71997,511.45999,516.23993,20233177
2025-01-15T18:30:00.000Z,516.25,517.84998,515.78003,516.53003,10457388
2025-01-16T14:30:00.000Z,519.01001,519.059875,514.76007,515.43549,12791236
2025-01-16T18:30:00.000Z,515.42352,516.63,512.95001,513.070007,13416789
2025-01-17T14:30:00.000Z,522.94,523.46002,518.90997,522.99982,31791736
2025-01-17T18:30:00.000Z,522.97998,523.14001,521.27002,521.77002,17584870
2025-01-21T14:30:00.000Z,524.48999,525.96997,520.059998,525.48999,14388512
2025-01-21T18:30:00.000Z,525.53003,525.7962,524.22998,524.69,6367607
2025-01-22T14:30:00.000Z,529.54999,533.815,529.26001,531.97998,18661370
2025-01-22T18:30:00.000Z,531.97998,532.78998,531.13,531.51001,4480457
2025-01-23T14:30:00.000Z,528.91998,531.090027,528.45001,530.67999,14112431
2025-01-23T18:30:00.000Z,530.70599,532.74731,529.85999,532.71997,7175377
2025-01-24T14:30:00.000Z,532.97498,533.78998,529.724,530.3399,9014648
2025-01-24T18:30:00.000Z,530.34003,530.60999,528.15002,529.65002,4178948
2025-01-27T14:30:00.000Z,510.98001,517.96997,510.72,511.41,36945919
2025-01-27T18:30:00.000Z,511.39999,514.20001,510.14999,514.049988,16986298
2025-01-28T14:30:00.000Z,515.29,521.93,511.8,521.39,879728
2025-01-28T18:30:00.000Z,521.33,522.99,520.39,521.81,468861
2025-01-29T14:30:00.000Z,522.53198,522.53198,516.8988,519.90009,11443273
2025-01-29T18:30:00.000Z,519.95001,522.47998,517.34998,520.78003,11844336
2025-01-30T14:30:00.000Z,523.71002,526.094971,518.22009,521.37,15920073
2025-01-30T18:30:00.000Z,521.34998,524.91962,520.70001,523.12,8432759
2025-01-31T14:30:00.000Z,526.91998,531.51782,526.71997,527.90997,16670665
2025-01-31T18:30:00.000Z,527.91992,528.19,521.19,522.28003,19339391
2025-02-03T14:30:00.000Z,513.53998,519.62,511.051392,518.23499,27530189
2025-02-03T18:30:00.000Z,518.34003,520.84961,517.91998,518.14001,8329553
2025-02-04T14:30:00.000Z,518.64502,525.10999,518.22998,523.65997,15600724
2025-02-04T18:30:00.000Z,523.65002,524.95001,523.12,524.56,7381301
2025-02-05T14:30:00.000Z,521.82001,526.35999,520.62,525.15839,13589328
2025-02-05T18:30:00.000Z,525.10999,527.01001,524.91101,526.84998,5475278
2025-02-06T14:30:00.000Z,527.35999,529.02002,526.40002,528.59003,10883225
2025-02-06T18:30:00.000Z,528.59998,529.81,525.74127,529.58002,6112114
2025-02-07T14:30:00.000Z,529.96002,532.099976,522.90997,525.94989,19431284
2025-02-07T18:30:00.000Z,525.91998,526.27002,522.19,522.94,34510784
2025-02-10T14:30:00.000Z,527.21997,530.35712,526.75,529.63678,12470149
2025-02-10T18:30:00.000Z,529.65009,530.13501,528.94,529.21503,6031559
2025-02-11T14:30:00.000Z,525.96002,529.91998,525.83002,527.61499,11282958
2025-02-11T18:30:00.000Z,527.65002,529.16998,527.37,527.95001,6391467
2025-02-12T14:30:00.000Z,522.29999,528.89001,521.95001,528.28003,16958635
2025-02-12T18:30:00.000Z,528.27002,529.19,527.29999,528.31,6388933
2025-02-13T14:30:00.000Z,530.21997,534.57001,529.19,531.84003,16329574
2025-02-13T18:30:00.000Z,531.82001,536.21997,531.030029,535.88,9858659
2025-02-14T14:30:00.000Z,536,537.67499,535.66998,537.26001,13495684
2025-02-14T18:30:00.000Z,537.5,538.84003,537.23499,538.12,6111705
2025-02-18T14:30:00.000Z,539.77002,540,536.59998,537.46002,10790259
2025-02-18T18:30:00.000Z,537.46997,539.29999,536.039978,539.29999,7607572
2025-02-19T14:30:00.000Z,538.59003,539.76001,536.46002,539.50348,10545449
2025-02-19T18:30:00.000Z,539.51001,540.79999,538.53998,539.56,7366263
2025-02-20T14:30:00.000Z,538.71002,539.099976,532.46002,534.71997,15380344
2025-02-20T18:30:00.000Z,534.67261,537.25,534.58002,537.19,9035412
2025-02-21T14:30:00.000Z,538.38,538.40002,528.60999,528.94409,24630881
2025-02-21T18:30:00.000Z,528.98993,530.21002,525.71002,526.099976,18231072
2025-02-24T14:30:00.000Z,527.91998,529.06897,520.18921,525.37,25183220
2025-02-24T18:30:00.000Z,525.40002,525.53003,519.53003,519.83002,10769204
2025-02-25T14:30:00.000Z,519.21002,519.3175,509.44,513.88,31345188
2025-02-25T18:30:00.000Z,513.89001,516.039978,512.59998,513.22998,13904331
2025-02-26T14:30:00.000Z,515.53003,519.65881,513.93011,513.96503,18765105
2025-02-26T18:30:00.000Z,513.92999,515.22998,511.40302,514.47998,11187182
2025-02-27T14:30:00.000Z,518.19,519.069885,507.33499,512.11371,27463502
2025-02-27T18:30:00.000Z,512.26501,512.57001,500.049988,500.32999,20452229
2025-02-28T14:30:00.000Z,500.10999,504.67001,496.92999,500.13,28658045
2025-02-28T18:30:00.000Z,500.13,508.76999,498.8205,508.20001,15978313
2025-03-03T14:30:00.000Z,511.51999,513.039978,502.245,502.47839,21242854
2025-03-03T18:30:00.000Z,502.5,505.72,493.57999,497.32001,18944756
2025-03-04T14:30:00.000Z,494.17001,497.94,487.73499,495.070007,43009810
2025-03-04T18:30:00.000Z,495.084991,503.73999,493.76999,495.51001,20277027
2025-03-05T14:30:00.000Z,496.16,500.2316,491.26001,498.24121,29428452
2025-03-05T18:30:00.000Z,498.26501,503.63,496.92999,502.079987,14329832
2025-03-06T14:30:00.000Z,493.70001,498.5787,488.37,489.42999,31218751
2025-03-06T18:30:00.000Z,489.45999,491.17001,486.20001,488.32001,20224192
2025-03-07T14:30:00.000Z,487.23999,492.17911,480.53,487.60999,36073291
2025-03-07T18:30:00.000Z,487.64999,493.26999,487.29001,491.81,16275165
2025-03-10T13:30:00.000Z,483.45001,483.97,473.10999,474.37,37620115
2025-03-10T17:30:00.000Z,474.37,475.45001,468.72,473.29999,31152153
2025-03-11T13:30:00.000Z,472.16,476.69,467.1301,467.20999,39895582
2025-03-11T17:30:00.000Z,467.12,478.80499,467.01001,471.67001,24542680
2025-03-12T13:30:00.000Z,479.16,481.059998,471.79501,479.25,31360292
2025-03-12T17:30:00.000Z,479.20001,479.69,475.14999,477.079987,12353508
2025-03-13T13:30:00.000Z,476.14999,476.28009,466.67001,467.63,27589801
2025-03-13T17:30:00.000Z,467.56,471.92001,466.42999,468.35001,15453171
2025-03-14T13:30:00.000Z,473.70999,479.67001,473.12,478.32999,26342049
2025-03-14T17:30:00.000Z,478.32001,480.56,477.35001,479.64999,14457902
2025-03-17T13:30:00.000Z,479.66,483.14001,477.79999,481.015015,19064064
2025-03-17T17:30:00.000Z,481.029999,485.84,480.75201,482.73001,19524985
2025-03-18T13:30:00.000Z,479.31,479.42999,472.41,474.66141,22353970
2025-03-18T17:30:00.000Z,474.70001,476.64001,473.67999,474.70999,13166473
2025-03-19T13:30:00.000Z,476.81,480.38,474.92001,477.31,14917647
2025-03-19T17:30:00.000Z,477.28,485.32999,476.59,480.79001,21676075
2025-03-20T13:30:00.000Z,476.88,484.54001,476.17999,478.070007,21181895
2025-03-20T17:30:00.000Z,478.10001,480.20999,477.23999,479.35001,13801175
2025-03-21T13:30:00.000Z,474.0625,479.73999,472.905,477.95001,24949273
2025-03-21T17:30:00.000Z,477.97,481.60001,477.47,481.14001,13321017
2025-03-24T13:30:00.000Z,487.73999,490.72501,487.12,489.70001,17041966
2025-03-24T17:30:00.000Z,489.73001,491.48001,489.01001,490.48001,13536616
2025-03-25T13:30:00.000Z,491.4,493.61,490.45,491.55,809847
2025-03-25T17:30:00.000Z,491.55,493.545,491.39,493.45,435834
2025-03-26T13:30:00.000Z,492.32999,493.14999,484.47,484.66,19262397
2025-03-26T17:30:00.000Z,484.67001,485.29999,482.82001,484.41,12699272
2025-03-27T13:30:00.000Z,482.39999,486.5799,480.25,482.019989,22727787
2025-03-27T17:30:00.000Z,481.95001,484.89001,481.12,481.60001,8660442
2025-03-28T13:30:00.000Z,479.81,480.51999,468.48911,468.79001,28858901
2025-03-28T17:30:00.000Z,468.76999,470.39999,468.049988,468.97,14029640
2025-03-31T13:30:00.000Z,461.95001,465.3299,457.35001,463.83499,30166791
2025-03-31T17:30:00.000Z,463.85999,469.85001,462.95129,468.9299,19068682
2025-04-01T13:30:00.000Z,467.23001,473.62619,464.42001,470.73999,26395964
2025-04-01T17:30:00.000Z,470.73001,473.17001,467.37,472.63,12328325
2025-04-02T13:30:00.000Z,466.10999,479.56,465.85999,478.17999,23314707
2025-04-02T17:30:00.000Z,478.14999,478.25,472.67999,476.17999,13105543
2025-04-03T13:30:00.000Z,456.39001,460.070007,451.58,454.48999,45424742
2025-04-03T17:30:00.000Z,454.35001,455.84,450.15,450.68,17962012
2025-04-04T13:30:00.000Z,438.98001,440.35001,425.25,427.60501,74402950
2025-04-04T17:30:00.000Z,427.57999,432.3299,423.079987,423.25,34511294
2025-04-07T13:30:00.000Z,407.75,443.14001,402.39001,425.73999,124636807
2025-04-07T17:30:00.000Z,425.84879,430.16,420.14999,423.95999,31161069
2025-04-08T13:30:00.000Z,438.16,443.1384,422.51001,422.69,60124262
2025-04-08T17:30:00.000Z,422.625,428.78,409.79001,416.23999,32238485
2025-04-09T13:30:00.000Z,415.59259,453.5,415.53,444.20999,62744066
2025-04-09T17:30:00.000Z,444.22,467.82001,443.54001,465.16,69525169
2025-04-10T13:30:00.000Z,453.61499,455.59,432.64999,441.465,69052425
2025-04-10T17:30:00.000Z,441.45001,450.82001,440.38,446.17999,34110703
2025-04-11T13:30:00.000Z,445.60999,453.70001,441.32999,450.18881,31523454
2025-04-11T17:30:00.000Z,450.25,455.76001,449.040009,454.23999,18839448
2025-04-14T13:30:00.000Z,464.56,465.049988,452.63,455.64999,28569889
2025-04-14T17:30:00.000Z,455.64001,461.14001,454.73999,457.39999,11909201
2025-04-15T13:30:00.000Z,458.48499,462.38,456.73001,457.10999,22585710
2025-04-15T17:30:00.000Z,457.070099,458.92999,456.14999,457.98999,9769371
2025-04-16T13:30:00.000Z,448.95999,452.58041,447.22,449.17999,19472318
2025-04-16T17:30:00.000Z,449.20001,449.25,437.76001,444.23001,25443290
2025-04-17T13:30:00.000Z,447.13,447.37,441.37,443.95499,27018668
2025-04-17T17:30:00.000Z,444,447.7496,443,444.019989,14746331
2025-04-21T13:30:00.000Z,438.35999,439.079987,428.70001,429.10999,22883033
2025-04-21T17:30:00.000Z,429.051514,433.97,427.92999,433.26999,17705069
2025-04-22T13:30:00.000Z,438.88,447.57999,437.62,441.43011,29532063
2025-04-22T17:30:00.000Z,441.39999,444.97,440.29001,444.38,18502009
2025-04-23T13:30:00.000Z,458.23001,463.38,453.32001,457.47,37267506
2025-04-23T17:30:00.000Z,457.5,458.40948,452.89001,454.35001,14842471
2025-04-24T13:30:00.000Z,456.48001,466.155,455.83011,465.53,27060585
2025-04-24T17:30:00.000Z,465.56,467.66,464.78,467.20499,14438304
2025-04-25T13:30:00.000Z,467.19,473.089996,465.39001,472.92999,23031522
2025-04-25T17:30:00.000Z,472.95001,472.95999,468.7352,472.54999,13739823
2025-04-28T13:30:00.000Z,473.03,474.8,466.045,466.4,1122417
2025-04-28T17:30:00.000Z,466.42,473.73,466.19,472.48,620605
2025-04-29T13:30:00.000Z,470.26001,474.62,469.59,473.32001,17263088
2025-04-29T17:30:00.000Z,473.29001,476.42429,473.20001,475.42001,10826286
2025-04-30T13:30:00.000Z,467.029999,471.29999,462.42999,470.91,26388495
2025-04-30T17:30:00.000Z,470.85999,477.20001,470.67999,475.44,14082949
2025-05-01T13:30:00.000Z,483.45999,487.17999,480.8201,484.16,26389137
2025-05-01T17:30:00.000Z,484.17999,485.31,480.73999,481.20999,11440297
2025-05-02T13:30:00.000Z,486.63,490.67001,484.82999,489.3201,24587155
2025-05-02T17:30:00.000Z,489.32999,490.91,487.95999,488.85999,12200977
2025-05-05T13:30:00.000Z,484.57501,487.95001,484.10001,487.60001,17334056
2025-05-05T17:30:00.000Z,487.60001,489.019989,485.5,485.95001,8511106
2025-05-06T13:30:00.000Z,479.56,485.049988,478.20001,481.59,20102666
2025-05-06T17:30:00.000Z,481.64001,483.79999,480.54001,481.39001,9294220
2025-05-07T13:30:00.000Z,482.10999,484,479.42001,482.089996,16131708
2025-05-07T17:30:00.000Z,482.040009,485.79999,476.78201,483.34,19515561
2025-05-08T13:30:00.000Z,488.54001,492.70001,484.17001,491.81,26962902
2025-05-08T17:30:00.000Z,491.80069,492.56,487.98999,488.23999,10839094
2025-05-09T13:30:00.000Z,490.28,491.54001,486.20999,487.28,17743281
2025-05-09T17:30:00.000Z,487.29001,489.20999,486.89999,488.059998,8117868
2025-05-12T13:30:00.000Z,506.98999,507.37009,501.5,506.54999,28095643
2025-05-12T17:30:00.000Z,506.54999,507.88,505.57999,507.79001,12198851
2025-05-13T13:30:00.000Z,509.16,517.17999,508.42001,516.66998,33923306
2025-05-13T17:30:00.000Z,516.685,517.39001,515.26001,515.58002,16292208
2025-05-14T13:30:00.000Z,516.71997,519.22791,515.75,516.7309,31174411
2025-05-14T17:30:00.000Z,516.71997,518.92999,516.62903,518.70001,13853069
2025-05-15T13:30:00.000Z,516.53003,521.92999,515.16998,521.68018,27689301
2025-05-15T17:30:00.000Z,521.7193,521.71997,516.48999,519.28998,19817568
2025-05-16T13:30:00.000Z,520.52002,520.71002,517.099976,520.40997,29000261
2025-05-16T17:30:00.000Z,520.40997,521.70001,519.84003,521.52002,15860946
2025-05-19T13:30:00.000Z,514.23999,522.53003,514.23999,522,33390218
2025-05-19T17:30:00.000Z,522.02002,522.5,520.12,522.030029,16819677
2025-05-20T13:30:00.000Z,519.46997,520.91998,518.070007,520.435,22668225
2025-05-20T17:30:00.000Z,520.44751,520.48999,516.65997,520.23999,16073370
2025-05-21T13:30:00.000Z,516.27002,523,514.21002,514.44989,35968353
2025-05-21T17:30:00.000Z,514.38,517.45001,511.23999,513.059998,32542523
2025-05-22T13:30:00.000Z,513.59998,517.53998,512.29999,515.995,34225532
2025-05-22T17:30:00.000Z,515.98999,517.71002,513.59131,514.02002,18030744
2025-05-23T13:30:00.000Z,506.17999,511.59,505.60001,511.51001,36423640
2025-05-23T17:30:00.000Z,511.51501,511.84,508.82001,509.2865,18271238
2025-05-27T13:30:00.000Z,516.15997,521.19,514.59003,520.88501,26960449
2025-05-27T17:30:00.000Z,520.89362,521.70001,519.90997,521.20001,17789614
2025-05-28T13:30:00.000Z,522.19,523.67999,520.29999,521.53998,20422653
2025-05-28T17:30:00.000Z,521.53998,522.38013,518.40002,518.95001,19044465
2025-05-29T13:30:00.000Z,526.33002,526.47998,517.32001,520.049988,38546170
2025-05-29T17:30:00.000Z,520.070007,520.90997,517.71002,519.95502,18744094
2025-05-30T13:30:00.000Z,519.52002,519.85999,511.92999,514.40997,41240404
2025-05-30T17:30:00.000Z,514.38,520.67999,514.13,519.17999,23876642
2025-06-02T13:30:00.000Z,517.31,521.75,515.96997,521.14502,28755100
2025-06-02T17:30:00.000Z,521.13,523.45001,520.57001,523.19,13564742
2025-06-03T13:30:00.000Z,523.59998,528.72998,522.72931,528.375,25345125
2025-06-03T17:30:00.000Z,528.35999,528.47498,525.77002,527.42999,16014235
2025-06-04T13:30:00.000Z,528.37,529.65997,525.96942,529.17499,23521649
2025-06-04T17:30:00.000Z,529.15503,529.84003,528.54999,528.76001,14817394
2025-06-05T13:30:00.000Z,530.17999,533.049988,526.51001,529.22998,33780262
2025-06-05T17:30:00.000Z,529.21002,529.62,522.66998,524.70001,23607121
2025-06-06T13:30:00.000Z,530.01001,531.71002,528.21002,529.81,30380546
2025-06-06T17:30:00.000Z,529.82001,531.79999,529.73999,529.84003,12872914
2025-06-09T13:30:00.000Z,530.090027,532.33002,529.01001,531.59998,19256163
2025-06-09T17:30:00.000Z,531.58002,532.08728,530.59003,530.67999,11904190
2025-06-10T13:30:00.000Z,531.30792,533.40991,528.89001,532.45001,22340515
2025-06-10T17:30:00.000Z,532.45001,534.90002,530.78998,534.28003,16768861
2025-06-11T13:30:00.000Z,535.52002,536.78003,532.96997,535.36499,27645188
2025-06-11T17:30:00.000Z,535.375,535.44,530.11133,532.45001,23338134
2025-06-12T13:30:00.000Z,531,534.6438,530.84998,533.76001,21735972
2025-06-12T17:30:00.000Z,533.72998,534.40997,532.59998,533.65997,10641687
2025-06-13T13:30:00.000Z,527.37,531.87,526.15002,529.85999,29263374
2025-06-13T17:30:00.000Z,529.87,530.65002,525.72998,526.94,24080326
2025-06-16T13:30:00.000Z,530.5,535.37,530.45001,534.76001,22818257
2025-06-16T17:30:00.000Z,534.76501,535.059998,533.33502,534.27002,11757526
2025-06-17T13:30:00.000Z,531.57001,533.32501,530.41998,530.45001,21836828
2025-06-17T17:30:00.000Z,530.45001,531.28003,527.91998,529,17598577
2025-06-18T13:30:00.000Z,530.080017,532.54999,528.47998,529.63397,20545465
2025-06-18T17:30:00.000Z,529.64001,532.080017,527.40997,528.96002,21048787
2025-06-20T13:30:00.000Z,532.14502,533.54999,525.099976,525.59198,34978946
2025-06-20T17:30:00.000Z,525.60999,528.090027,524.89001,526.70001,19765851
2025-06-23T13:30:00.000Z,526.31,530.66998,523.65002,530.35999,32178785
2025-06-23T17:30:00.000Z,530.38,532.16498,530.38,531.70001,15543797
2025-06-24T13:30:00.000Z,536.94,540.0050049,536.27197,539.28998,26789093
2025-06-24T17:30:00.000Z,539.29498,540.70001,539.28003,539.72998,14561544
2025-06-25T13:30:00.000Z,542.15002,543.31,539.90002,540.9801,26494298
2025-06-25T17:30:00.000Z,540.98999,541.21997,539.38,541.16998,13323990
2025-06-26T13:30:00.000Z,543.41998,545.40002,541.52002,545.31,24042648
2025-06-26T17:30:00.000Z,545.34998,546.66998,545.30011,546.21997,17343525
2025-06-27T13:30:00.000Z,547.20001,549.97998,546.73999,548.76001,27685566
2025-06-27T17:30:00.000Z,548.76001,548.98993,544.54498,548.21997,26729412
2025-06-30T13:30:00.000Z,551.26001,551.31,549.01001,550.36169,21684521
2025-06-30T17:30:00.000Z,550.37,552.79999,549.049927,551.65503,19331399
2025-07-01T13:30:00.000Z,549.745,550.71002,544.65997,547.80798,35595912
2025-07-01T17:30:00.000Z,547.81,548.67999,545.91998,546.97998,17646044
2025-07-02T13:30:00.000Z,546.17999,550.75989,546.12,550.12,22966399
2025-07-02T17:30:00.000Z,550.12079,551,549.89001,550.81,10885209
2025-07-03T13:30:00.000Z,553.195,557.19,553.195,556.18,1196533
2025-07-07T13:30:00.000Z,553.53003,554.34003,550.82812,551.76001,26041896
2025-07-07T17:30:00.000Z,551.73999,553.099976,549.58502,552.059998,16628667
2025-07-08T13:30:00.000Z,553.34003,554.01001,551.099976,552.815,21948831
2025-07-08T17:30:00.000Z,552.84003,553.5,551.82001,552.31,11880862
2025-07-09T13:30:00.000Z,554.52002,557.63,553.099976,554.59998,27166132
2025-07-09T17:30:00.000Z,554.58002,556.37,554.090027,556.26001,14092541
2025-07-10T13:30:00.000Z,556.85999,557.29999,552.75,555.39502,23556657
2025-07-10T17:30:00.000Z,555.38531,556.28998,554.89001,555.46997,9644146
2025-07-11T13:30:00.000Z,553.33002,555.78998,552.049988,555.44,22921463
2025-07-11T17:30:00.000Z,555.44,555.71997,553.47998,554.21002,12863679
2025-07-14T13:30:00.000Z,553.95099,556.8501,551.63,556.54999,23522561
2025-07-14T17:30:00.000Z,556.56,556.94501,555.74878,556.16998,10467112
2025-07-15T13:30:00.000Z,560.245,560.79999,557.46002,558.32001,26591542
2025-07-15T17:30:00.000Z,558.32001,559.75,556.65997,556.71002,13784173
2025-07-16T13:30:00.000Z,557.22498,557.66998,551.56,556.47998,35842194
2025-07-16T17:30:00.000Z,556.5,557.94,555.91998,557.34003,12425330
2025-07-17T13:30:00.000Z,557.98499,562.21002,557.21002,561.815,22701246
2025-07-17T17:30:00.000Z,561.81,562.31,561.29999,561.79999,14774390
2025-07-18T13:30:00.000Z,563.10992,563.32001,560,560.92023,31189555
2025-07-18T17:30:00.000Z,560.91998,561.38,560.38,561.25,16032254
2025-07-21T13:30:00.000Z,562.14001,566.059998,562.090027,565.92999,21769626
2025-07-21T17:30:00.000Z,565.90997,566.047974,563.79498,564.15997,13833441
2025-07-22T13:30:00.000Z,564.34003,564.34003,558.60999,561.82001,28033177
2025-07-22T17:30:00.000Z,561.82001,562.14001,560.080017,561.28998,12382594
2025-07-23T13:30:00.000Z,562.34003,563.070007,559.58502,561.65997,23806921
2025-07-23T17:30:00.000Z,561.65997,563.83002,561.46997,563.83002,12446369
2025-07-24T13:30:00.000Z,565.02002,566.21997,563.29999,565.45502,22388751
2025-07-24T17:30:00.000Z,565.46002,566.23999,564.97998,565.090027,18175732
2025-07-25T13:30:00.000Z,565,567.69501,564.27002,566.96997,18444309
2025-07-25T17:30:00.000Z,566.96997,567.32001,566.059998,566.39001,9589844
2025-07-28T13:30:00.000Z,567.71997,569.039978,566.88,567.53009,18550995
2025-07-28T17:30:00.000Z,567.53003,568.28003,566.96002,568.20001,10412633
2025-07-29T13:30:00.000Z,570.78998,572.10999,566.91998,568.56989,27773680
2025-07-29T17:30:00.000Z,568.58002,568.73999,566.53003,567.32001,14559445
2025-07-30T13:30:00.000Z,568.16998,569.59998,567.27002,569.1001,13733112
2025-07-30T17:30:00.000Z,569.12,570.62,565.049988,568.14001,25184699
2025-07-31T13:30:00.000Z,574.53998,574.58008,567.049988,567.44501,32794961
2025-07-31T17:30:00.000Z,567.47998,568.46997,563.87,565,26750093
2025-08-01T13:30:00.000Z,558.82001,559.019409,551.88,553.13,46349567
2025-08-01T17:30:00.000Z,553.10999,555.42999,551.70001,553.84998,19090456
2025-08-04T13:30:00.000Z,559.080017,563.70001,558.95001,563.60498,29225832
2025-08-04T17:30:00.000Z,563.60999,564.315,562.69,564.099976,13788817
2025-08-05T13:30:00.000Z,565.29498,566.56073,559.72998,562.05127,30304842
2025-08-05T17:30:00.000Z,562.049988,563.059998,559.78497,560.19,15129263
2025-08-06T13:30:00.000Z,561.12,566.41998,560.63,566.14001,25446830
2025-08-06T17:30:00.000Z,566.14001,567.755,565.83002,567.31952,12884561
2025-08-07T13:30:00.000Z,571.67999,573.32001,566.57501,567.01001,27716491
2025-08-07T17:30:00.000Z,566.995,569.31,565.10999,569.25,14406081
2025-08-08T13:30:00.000Z,570.53003,574.33002,570.15503,573.28003,21729299
2025-08-08T17:30:00.000Z,573.27502,574.77002,573.23999,574.54999,10621737
2025-08-11T13:30:00.000Z,574.72998,576.79999,573.83002,574.995,17895787
2025-08-11T17:30:00.000Z,574.98999,575.18988,571.57001,572.75,12444211
2025-08-12T13:30:00.000Z,575.15002,579.40997,572.48499,578.88708,27208948
2025-08-12T17:30:00.000Z,578.88,580.34998,578.83002,580.02002,12664633
2025-08-13T13:30:00.000Z,582.75,583.31989,578.94,580.34009,25071404
2025-08-13T17:30:00.000Z,580.35999,580.64001,578.98999,580.34003,12200422
2025-08-14T13:30:00.000Z,578.36499,581.87988,577.91998,581.16998,28984426
2025-08-14T17:30:00.000Z,581.16998,581.18011,579.17999,579.87,13254567
2025-08-15T13:30:00.000Z,579.78998,579.78998,575.57428,577.27502,34349262
2025-08-15T17:30:00.000Z,577.26001,578.27002,576.53497,577.22998,13100892
2025-08-18T13:30:00.000Z,576.41998,577.76501,575.24121,576.44501,18951939
2025-08-18T17:30:00.000Z,576.43988,577.57001,575.97998,577.099976,9198595
2025-08-19T13:30:00.000Z,576.37,576.56,568.71002,569.70129,35181258
2025-08-19T17:30:00.000Z,569.70001,570.40997,568.25,569.28003,15169154
2025-08-20T13:30:00.000Z,568.21997,568.45001,558.84003,563.95001,53395165
2025-08-20T17:30:00.000Z,563.96002,566.89001,562.59998,565.85999,19600368
2025-08-21T13:30:00.000Z,564.32001,566.47998,560.97998,561.625,31187077
2025-08-21T17:30:00.000Z,561.59998,564.21002,561.5,563.29999,13175784
2025-08-22T13:30:00.000Z,564.66998,573.98999,563.28003,573.20502,36020346
2025-08-22T17:30:00.000Z,573.20502,573.40997,571.14001,571.97998,12341572
2025-08-25T13:30:00.000Z,570.40002,573.28711,569.16998,572.50513,21353215
2025-08-25T17:30:00.000Z,572.48999,572.66998,570.17999,570.34998,10730307
2025-08-26T13:30:00.000Z,569.83002,571.88,568.79999,571.4342,18734274
2025-08-26T17:30:00.000Z,571.45001,572.91998,570.049988,572.65997,13561238
2025-08-27T13:30:00.000Z,571.62,573.77002,570.37,573.080078,22496548
2025-08-27T17:30:00.000Z,573.090027,574.40503,571.94,573.53998,11216534
2025-08-28T13:30:00.000Z,574.070007,577.090027,572.46002,576.96997,31323314
2025-08-28T17:30:00.000Z,576.96997,577.98999,576.84009,577.070007,12528949
2025-08-29T13:30:00.000Z,574.64001,575.030029,568.53998,569.21997,34698878
2025-08-29T17:30:00.000Z,569.22998,570.84497,568.92999,570.31,17428917
2025-09-02T13:30:00.000Z,561.33002,565.70001,559.55499,562.81,42680853
2025-09-02T17:30:00.000Z,562.83002,565.96503,562.73999,565.64001,18458421
2025-09-03T13:30:00.000Z,569.25,571.69501,567.97998,569.36499,32393166
2025-09-03T17:30:00.000Z,569.32001,570.070007,566.72998,569.98999,19267040
2025-09-04T13:30:00.000Z,570.73999,573.12,569.025024,573.030029,27012037
2025-09-04T17:30:00.000Z,573.02002,575.59497,572.81,575.26001,16052480
2025-09-05T13:30:00.000Z,580.59003,581.12,571.53998,574.65002,50797158
2025-09-05T17:30:00.000Z,574.65997,576.12,573.48999,576.030029,15442116
2025-09-08T13:30:00.000Z,578.5,580.84003,578.34003,578.85242,29938563
2025-09-08T17:30:00.000Z,578.875,579.21002,577.77002,578.82001,14117001
2025-09-09T13:30:00.000Z,579.65002,580.20001,577.039978,579.82001,26681862
2025-09-09T17:30:00.000Z,579.83002,580.92999,579.38,580.46997,13431822
2025-09-10T13:30:00.000Z,583.69,583.69,580.72998,580.95007,30665283
2025-09-10T17:30:00.000Z,580.94,581.53998,578.54999,580.70001,16373798
2025-09-11T13:30:00.000Z,583.22998,584.88,581.62,584.15503,28602265
2025-09-11T17:30:00.000Z,584.13,584.85999,583.90002,584.099976,12189884
2025-09-12T13:30:00.000Z,585.02002,586.96997,584.099976,586.45502,40019849
2025-09-12T17:30:00.000Z,586.45502,587.85999,586.125,586.65997,19444491
2025-09-15T13:30:00.000Z,588.46002,591.17999,588.29498,590.29993,25610482
2025-09-15T17:30:00.000Z,590.29498,591.78998,590.090027,591.69,14994131
2025-09-16T13:30:00.000Z,592.60999,592.84003,590.48999,591.29999,10455681
2025-09-16T17:30:00.000Z,591.33002,592.070007,591.01001,591.16998,19614116
2025-09-17T13:30:00.000Z,591.13,591.56,587.52502,588.34998,21725367
2025-09-17T17:30:00.000Z,588.35999,591.75,584.36499,589.92999,44953188
2025-09-18T13:30:00.000Z,594.90997,598.13,592.96002,596.87,39742962
2025-09-18T17:30:00.000Z,596.88,596.95001,595.28998,595.37,16966683
2025-09-19T13:30:00.000Z,597.28998,598.81812,595.85999,598.125,40839836
2025-09-19T17:30:00.000Z,598.11499,600.049988,598.075012,599.46002,16475563
2025-09-22T13:30:00.000Z,597.73999,602.070007,597.73999,601.935,36987218
2025-09-22T17:30:00.000Z,601.935,602.87,601.67999,602.23999,16406469
2025-09-23T13:30:00.000Z,602.34998,602.565,599.059998,599.13501,25319148
2025-09-23T17:30:00.000Z,599.090027,599.38,596.98999,598.15997,43399720
2025-09-24T13:30:00.000Z,599.25,599.33002,593.37,595.86011,40399281
2025-09-24T17:30:00.000Z,595.89801,596.42999,594.69,596.059998,53059564
2025-09-25T13:30:00.000Z,592,595.11499,588.5,592.67999,27371559
2025-09-25T17:30:00.000Z,592.66998,593.84998,589.27002,593.54999,39085675
2025-09-26T13:30:00.000Z,593.5,596.20001,591.059998,595.63,47778398
2025-09-26T17:30:00.000Z,595.63,596.29999,594.57001,596.049988,60396194
2025-09-29T13:30:00.000Z,599.125,602.039978,597.91998,598.67999,18030896
2025-09-29T17:30:00.000Z,598.69,599.54999,597.40997,598.75,6501075
2025-09-30T13:30:00.000Z,598.41998,599.40997,596.099976,596.7019,24318596
2025-09-30T17:30:00.000Z,596.70001,600.71002,596.33002,600.29999,50788176
2025-10-01T13:30:00.000Z,596.75,602.69,596.34003,602.52502,33835986
2025-10-01T17:30:00.000Z,602.55798,603.78998,602.080017,603.28998,30996065
2025-10-02T13:30:00.000Z,607.059998,607.11499,602.92999,605.2301,26454042
2025-10-02T17:30:00.000Z,605.23071,606.15002,605.049988,605.69,10938244
2025-10-03T13:30:00.000Z,606.57501,607.32001,603.78003,603.90002,27222414
2025-10-03T17:30:00.000Z,603.84998,604.65002,601.38501,603.15503,19046738
2025-10-06T13:30:00.000Z,608.44,608.87,605.96997,608.625,25032151
2025-10-06T17:30:00.000Z,608.625,609.35999,607.625,607.71002,14202345
2025-10-07T13:30:00.000Z,609.015015,609.71002,603.049988,604.625,40982279
2025-10-07T17:30:00.000Z,604.59003,605.12,603.21002,604.46997,12637417
2025-10-08T13:30:00.000Z,605.30499,610.059998,605.28497,609.84363,26987642
2025-10-08T17:30:00.000Z,609.85999,611.75,609.70502,611.44,19219681
2025-10-09T13:30:00.000Z,611.48,611.5,607.78,607.83,29327683
2025-10-09T17:30:00.000Z,607.86,610.74,607.49,610.71,14479839
2025-10-10T13:30:00.000Z,611.34998,613.15997,594.34003,597.10999,58520878
2025-10-10T17:30:00.000Z,597.010071,597.875,589.049988,589.47998,28746558
2025-10-13T13:30:00.000Z,599.67999,602.83002,597.22998,601.53998,45965244
2025-10-13T17:30:00.000Z,601.58002,602.95001,601.030029,602.044983,15013794
2025-10-14T13:30:00.000Z,595.18848,602.69,590.13,602.16998,43977144
2025-10-14T17:30:00.000Z,602.20001,602.37012,596.37,598.049988,20565873
2025-10-15T13:30:00.000Z,604.01001,606.70001,595.94,597.96002,43151503
2025-10-15T17:30:00.000Z,597.95502,602.98999,597.72498,602.15997,16624693
2025-10-16T13:30:00.000Z,605.090027,608.31,597.64001,602.4201,43511420
2025-10-16T17:30:00.000Z,602.39301,603.039978,595.5,599.98999,23661531
2025-10-17T13:30:00.000Z,597.95001,603.58002,596.37,600.86011,50077212
2025-10-17T17:30:00.000Z,600.88,605.51001,600.23999,603.88,18277575
2025-10-20T13:30:00.000Z,607.14001,612.71997,607.06012,612.37,30156350
2025-10-20T17:30:00.000Z,612.3714,612.79999,611.44299,611.53998,11808598
2025-10-21T13:30:00.000Z,611.63,612.72131,609.33002,611.20001,30675572
2025-10-21T17:30:00.000Z,611.21002,612.42999,610.92999,611.40997,10970946
2025-10-22T13:30:00.000Z,610.82001,611.40997,601.29999,602.27002,40119887
2025-10-22T17:30:00.000Z,602.20001,605.84003,599.73999,605.40997,18093937
2025-10-23T13:30:00.000Z,604.90002,610.40997,604.54999,609.47998,26698341
2025-10-23T17:30:00.000Z,609.47498,611.37,609.42999,610.62,11388953
2025-10-24T13:30:00.000Z,615.98999,618.27002,615.138,617.91998,29724384
2025-10-24T17:30:00.000Z,617.90002,618.40997,616.75,617,15194204
2025-10-27T13:30:00.000Z,624.5,626.97559,624.039978,626.59003,29910322
2025-10-27T17:30:00.000Z,626.59998,628.54999,626.47998,628.080017,20050762
2025-10-28T13:30:00.000Z,630.32001,632.58002,629.25,632.125,34180442
2025-10-28T17:30:00.000Z,632.14001,634.67999,632.065002,632.89001,21449304
2025-10-29T13:30:00.000Z,635.59003,637.01001,634.039307,634.685,32720788
2025-10-29T17:30:00.000Z,634.63,636.049988,630.25,635.90002,30760222
2025-10-30T13:30:00.000Z,632.16998,633.5,627.76001,630.65002,23300576
2025-10-30T17:30:00.000Z,630.65997,631,626,626,31297134
2025-10-31T13:30:00.000Z,634.16998,634.16998,626.79138,627.19,47526698
2025-10-31T17:30:00.000Z,627.20001,632.23999,626.69,629.21002,78012437
2025-11-03T14:30:00.000Z,635.12,635.82001,629.84998,632.81512,23728229
2025-11-03T18:30:00.000Z,632.83002,633.41998,631.035583,632.059998,20409515
2025-11-04T14:30:00.000Z,623.28003,626.95001,620.15002,620.48273,69573710
2025-11-04T18:30:00.000Z,620.47998,621.96997,618.45502,619.21997,68694220
2025-11-05T14:30:00.000Z,618.48999,625.54498,617.21002,625.42999,26329578
2025-11-05T18:30:00.000Z,625.41998,626.59998,623.065002,623.39001,21471484
2025-11-06T14:30:00.000Z,621.79999,622.026306,610.31,613.34497,75208223
2025-11-06T18:30:00.000Z,613.34003,616.13,610.95001,611.71002,77059951
2025-11-07T14:30:00.000Z,608.32001,608.32001,598.66998,603.78003,54858295
2025-11-07T18:30:00.000Z,603.79999,609.94,602.27002,609.76001,202176128
2025-11-10T14:30:00.000Z,618.89001,622.039978,616.89502,621.19202,33288588
2025-11-10T18:30:00.000Z,621.23999,624.28998,621.21997,623.19,9334046
2025-11-11T14:30:00.000Z,620.57001,622.15997,617.52002,621.44989,34299655
2025-11-11T18:30:00.000Z,621.45001,622.71997,620.60248,621.513,8272327
2025-11-12T14:30:00.000Z,624.84003,624.84003,617.81,620.745,29034120
2025-11-12T18:30:00.000Z,620.7301,621.70001,619.15997,621.080017,35611367
2025-11-13T14:30:00.000Z,617.565,618.12,607.51001,607.81,57265977
2025-11-13T18:30:00.000Z,607.79999,609.53003,606.08551,608.38501,102415718
2025-11-14T14:30:00.000Z,599.54999,613.34998,597.16998,610.27002,32898957
2025-11-14T18:30:00.000Z,610.22998,612.34003,607.97998,608.81,60926776
2025-11-17T14:30:00.000Z,606.28003,612.47998,605.039978,605.94,48741135
2025-11-17T18:30:00.000Z,605.88,607.59003,599.87,603.64001,87451032
2025-11-18T14:30:00.000Z,599.62,602.31,591.34003,599.79993,65062269
2025-11-18T18:30:00.000Z,599.79999,601.78998,596.20001,596.31,121842203
2025-11-19T14:30:00.000Z,597.070007,606.15997,594.59003,596.75,42315373
2025-11-19T18:30:00.000Z,596.75,602.3399,596.099976,599.81,12031246
2025-11-20T14:30:00.000Z,611.63,614.02002,589.83002,594.48999,119391005
2025-11-20T18:30:00.000Z,594.46002,595.030029,584.75,585.56,50593360
2025-11-21T14:30:00.000Z,587.51001,592.60999,580.73999,588.94,241993870
2025-11-21T18:30:00.000Z,588.94,596.97998,588.56,590.15002,341239437
2025-11-24T14:30:00.000Z,595.23999,605.69989,595.15997,605.15997,51931207
2025-11-24T18:30:00.000Z,605.15002,606.67999,604.23999,605.28998,118287304
2025-11-25T14:30:00.000Z,603.495,608.41998,597.33002,607.51501,53299272
2025-11-25T18:30:00.000Z,607.52502,610.26007,605.46997,608.90002,26539455
2025-11-26T14:30:00.000Z,612.5,616.19,610.40002,615.52002,23723898
2025-11-26T18:30:00.000Z,615.52502,615.84998,614.049988,614.31,19652120
2025-11-28T14:30:00.000Z,616.10999,619.23999,615.41742,619.19,16079710
2025-12-01T14:30:00.000Z,613.63,619.44012,612.52002,618.6499,15795226
2025-12-01T18:30:00.000Z,618.69,619.35999,616.062012,617.19,18182448
2025-12-02T14:30:00.000Z,619.46002,623.75,617.59003,621.17999,63264087
2025-12-02T18:30:00.000Z,621.13,623.21997,620.38,622.070007,40207945
2025-12-03T14:30:00.000Z,619.59998,623.080017,618.039978,622.81,42992335
2025-12-03T18:30:00.000Z,622.83002,624.21997,622.71002,623.53003,32806590
2025-12-04T14:30:00.000Z,624.79999,624.79999,619.96002,622.76501,30984652
2025-12-04T18:30:00.000Z,622.76001,623.02002,619.53998,622.85999,123742869
2025-12-05T14:30:00.000Z,624.37,628.91998,623.71002,625.95001,64993131
2025-12-05T18:30:00.000Z,625.9458,626.28003,624.32001,625.53003,34654673
2025-12-08T14:30:00.000Z,627.15002,628.84003,622.37,623.27002,44521426
2025-12-08T18:30:00.000Z,623.22998,624.27002,621.69,624.17999,27848131
2025-12-09T14:30:00.000Z,624.28003,625.81,621.62,625.65002,47427482
2025-12-09T18:30:00.000Z,625.64001,625.87,624.28003,625.10999,47496023
2025-12-10T14:30:00.000Z,623.84003,624.66998,620.98999,622.87189,17735020
2025-12-10T18:30:00.000Z,622.85999,629.20001,622.59003,627.53998,80772742
2025-12-11T14:30:00.000Z,623.82001,623.95502,617.71997,623.34998,61712862
2025-12-11T18:30:00.000Z,623.34003,625.78003,623.080017,625.62,75474673
2025-12-12T14:30:00.000Z,621.95099,623.53998,611.35999,616.73999,93053320
2025-12-12T18:30:00.000Z,616.71997,616.83002,612.02002,613.59998,95987078
2025-12-15T14:30:00.000Z,617.75,618.15002,609.32001,610.84998,48377879
2025-12-15T18:30:00.000Z,610.84003,612.87,610.40997,610.47998,22992540
2025-12-16T14:30:00.000Z,608.27399,612.47998,606.9101,607.6441,31160078
2025-12-16T18:30:00.000Z,607.65002,613.51001,607.59003,611.79999,26776610
2025-12-17T14:30:00.000Z,613.090027,613.65002,602.71997,603.40997,39561592
2025-12-17T18:30:00.000Z,603.41498,603.565,600.28003,600.35999,130169676
2025-12-18T14:30:00.000Z,609.76001,612.92999,606.91998,611.73999,95850546
2025-12-18T18:30:00.000Z,611.75,612.70001,607.71997,609.15002,101389388
2025-12-19T14:30:00.000Z,611.95001,617.62,611.88501,616.97998,73302137
2025-12-19T18:30:00.000Z,616.98999,617.47998,616.28003,617.23999,72232278
2025-12-22T14:30:00.000Z,621.38,621.65002,617.77002,619.17999,66027538
2025-12-22T18:30:00.000Z,619.17999,619.71002,618.8623,619.15002,35841757
2025-12-23T14:30:00.000Z,620,621.40503,617.78003,621.16998,36632109
2025-12-23T18:30:00.000Z,621.17999,622.40002,621.10999,622.21002,5847567
2025-12-24T14:30:00.000Z,622.25,624.27002,621.71997,623.94,9771389
2025-12-26T14:30:00.000Z,624.67999,625.51501,623.14001,623.98999,30627851
2025-12-26T18:30:00.000Z,623.98999,624.66998,623.66998,623.84003,5112555
2025-12-29T14:30:00.000Z,620.10999,622.77502,618.72998,620.02002,35432859
2025-12-29T18:30:00.000Z,620.02002,621.69501,619.59003,620.88,50360808
2025-12-30T14:30:00.000Z,620.5,622.16998,619.38,620.87,37002620
2025-12-30T18:30:00.000Z,620.87,621.030029,619.21503,619.41998,26125244
2025-12-31T14:30:00.000Z,619.625,619.96002,616.45001,617.8501,14521484
2025-12-31T18:30:00.000Z,617.85999,618.59998,614.049988,614.28003,29666477
2026-01-02T14:30:00.000Z,620,622.84998,610.75,611.76001,27913811
2026-01-02T18:30:00.000Z,611.75,614.69,610.15002,613.090027,52909510
2026-01-05T14:30:00.000Z,619.69,620.81,616.71997,618.38501,17980561
2026-01-05T18:30:00.000Z,618.39001,618.85999,617.039978,617.95001,39302790
2026-01-06T14:30:00.000Z,619.21997,622.78003,618.57001,622.15,53158115
2026-01-06T18:30:00.000Z,622.25098,624.02,621.91998,623.46,6348614
2026-01-07T14:30:00.000Z,623.039978,627.94,622.56,626.37,28918422
2026-01-07T18:30:00.000Z,626.38,627.53998,623.62,624.039978,50475140
2026-01-08T14:30:00.000Z,622.25,622.495,617.79999,619.90002,30049322
2026-01-08T18:30:00.000Z,619.90002,620.84998,618.40997,620.40997,73132322
2026-01-09T14:30:00.000Z,621.39001,626.69,619.059998,626.070007,36388824
2026-01-09T18:30:00.000Z,626.049988,627.89001,626.039978,626.65997,60411511
2026-01-12T14:30:00.000Z,622.31,628.27002,622.26001,628.12,14637782
2026-01-12T18:30:00.000Z,628.13,628.84497,627.16998,627.19,30739827
2026-01-13T14:30:00.000Z,627.23999,629.46997,623.88,625.41998,22933619
2026-01-13T18:30:00.000Z,625.40997,626.28998,623.69501,626.13,36718093
2026-01-14T14:30:00.000Z,622.21997,623.45001,614.85999,616.375,52666085
2026-01-14T18:30:00.000Z,616.35999,619.79999,614.56,619.59998,58299473
2026-01-15T14:30:00.000Z,626.79498,630,623.76001,626.00012207,31484983
2026-01-15T18:30:00.000Z,625.97998,626.32001,620.78998,621.65997,75463501
2026-01-16T14:30:00.000Z,625.22998,626.080017,618.89001,621.88,113876137
2026-01-16T18:30:00.000Z,621.88,622.56,620.76001,621.049988,73528506
2026-01-20T14:30:00.000Z,610.53003,615.049988,610.33002,610.69,76822266
2026-01-20T18:30:00.000Z,610.65997,610.87,607.059998,608.090027,39158358
2026-01-21T14:30:00.000Z,609.46997,616.61987,607.86353,610.45001,65326853
2026-01-21T18:30:00.000Z,610.46002,620.41998,609.70001,616.10999,143062274
2026-01-22T14:30:00.000Z,622.39001,622.39001,617.78003,621.65448,19716323
2026-01-22T18:30:00.000Z,621.65002,622.030029,618.90997,620.78998,65114180
2026-01-23T14:30:00.000Z,619.69,625.3999,618.65002,623.20502,38276237
2026-01-23T18:30:00.000Z,623.21997,623.73999,621.73993,622.78003,94846290
2026-01-26T14:30:00.000Z,623.19,627.60999,622.12,626.97998,32919258
2026-01-26T18:30:00.000Z,626.97998,627.54999,625.40009,625.47998,45425304
2026-01-27T14:30:00.000Z,628.90002,631.83002,627.34003,631.15002,18654156
2026-01-27T18:30:00.000Z,631.15002,632.042725,630.91998,631.080017,19622539
2026-01-28T14:30:00.000Z,635.46002,636.59003,631.81,633.25,53299238
2026-01-28T18:30:00.000Z,633.27002,634.48999,632.099976,633.01001,52924779
2026-01-29T14:30:00.000Z,632.58002,633.66998,618.27002,625.79999,174424373
2026-01-29T18:30:00.000Z,625.79999,629.97998,625.16998,629.35999,52875452
2026-01-30T14:30:00.000Z,625.71997,628.25598,619.29749,621.76001,47809849
2026-01-30T18:30:00.000Z,621.75,624.3999,619.32031,621.81,46633267
2026-02-02T14:30:00.000Z,618.70001,628.31,618.70001,627.60999,20527551
2026-02-02T18:30:00.000Z,627.60999,628.48999,625.42249,626.25,40694844
2026-02-03T14:30:00.000Z,628.23499,629.97998,613.26001,613.71002,58820890
2026-02-03T18:30:00.000Z,613.66998,616.77002,610.96002,616.45001,140069957
2026-02-04T14:30:00.000Z,614.79999,615.099976,600.46997,604.34003,76263348
2026-02-04T18:30:00.000Z,604.34003,608.63,601.71002,605.62,37544357
2026-02-05T14:30:00.000Z,600.21002,604.81,594.77002,599.31,115970133
2026-02-05T18:30:00.000Z,599.27002,601.85999,595.28998,597.080017,112724573
2026-02-06T14:30:00.000Z,600.20001,608.98999,598.77002,608.185,150419652
2026-02-06T18:30:00.000Z,608.17999,611.40997,607.35999,609.63,99699782
2026-02-09T14:30:00.000Z,607.53998,616.19,605.070007,614.40002,81462306
2026-02-09T18:30:00.000Z,614.40002,616.46002,614.12,614.32001,65268813
2026-02-10T14:30:00.000Z,615.30499,617.02002,612.40002,613.28998,40705194
2026-02-10T18:30:00.000Z,613.28003,614.030029,611.01001,611.51001,51705836
2026-02-11T14:30:00.000Z,616.39801,617.52002,607.69,612.97498,62414081
2026-02-11T18:30:00.000Z,612.97998,614.97998,612.45001,612.97998,133617138
2026-02-12T14:30:00.000Z,614.703,615.81,601.53998,602.51001,134834747
2026-02-12T18:30:00.000Z,602.53998,604.96289,599.56989,600.56,152503254
2026-02-13T14:30:00.000Z,600.22498,606.42999,596.41998,605.48999,24231582
2026-02-13T18:30:00.000Z,605.51001,606.46997,600.090027,601.82001,106087227
2026-02-17T14:30:00.000Z,598.39001,602.19,593.34003,601.034973,83677118
2026-02-17T18:30:00.000Z,601.059998,603.95001,600.25,601.19,72332366
2026-02-18T14:30:00.000Z,602.10999,609.771,600.71997,608.21997,48944295
2026-02-18T18:30:00.000Z,608.22998,608.52002,603.25,605.66998,134863453
2026-02-19T14:30:00.000Z,602.81,605.815,600.76001,601.70502,46645738
2026-02-19T18:30:00.000Z,601.69,603.53998,600.82001,603.47998,45345044
2026-02-20T14:30:00.000Z,600.10999,610.34998,599.22998,606.10999,67127478
2026-02-20T18:30:00.000Z,606.16998,609.90002,605.31,608.87,96941216
2026-02-23T14:30:00.000Z,606.62701,608.01001,599.049988,602.45502,400911207
2026-02-23T18:30:00.000Z,602.45001,602.67999,599.30988,601.41998,269860976
2026-02-24T14:30:00.000Z,602.054993,608.98999,599.73907,607.55969,374405654
2026-02-24T18:30:00.000Z,607.56,608.82001,606.81,607.84003,339904766
2026-02-25T14:30:00.000Z,611.090027,615.89001,611,615.41498,395638534
2026-02-25T18:30:00.000Z,615.41998,616.83002,615.30029,616.52002,306282700
2026-02-26T14:30:00.000Z,615.48999,615.53003,603.97998,605.35999,739046517
2026-02-26T18:30:00.000Z,605.37,609.65997,605.070007,609.26001,319132667
2026-02-27T14:30:00.000Z,602.95001,608.32001,602.19,605.33002,322732314
2026-02-27T18:30:00.000Z,605.32001,608.02002,604.41998,607.35498,311793530
2026-03-02T14:30:00.000Z,598.92999,609.35999,597.98999,608.40002,392313889
2026-03-02T18:30:00.000Z,608.41998,609.91998,606.26001,608.070007,222676630
2026-03-03T14:30:00.000Z,596.32001,602.030029,591.87,601.44,66726788
2026-03-03T18:30:00.000Z,601.44,603.95502,600.53998,601.65997,26031357
2026-03-04T14:30:00.000Z,604.15002,612.049988,603.42999,611.78168,49381533
2026-03-04T18:30:00.000Z,611.78998,612.88,610.41998,610.54999,17324328
2026-03-05T14:30:00.000Z,607.45001,612.76001,602.46002,602.73999,57188849
2026-03-05T18:30:00.000Z,602.70502,609.12,602.26001,608.96997,29431535
2026-03-06T14:30:00.000Z,600.33502,605.98999,598.53998,603.82001,52338314
2026-03-06T18:30:00.000Z,603.83002,604.53003,598.37,599.87,30860314
2026-03-09T13:30:00.000Z,594.21997,601.84998,591.33502,598.53003,49724940
2026-03-09T17:30:00.000Z,598.52002,609.25,597.64001,607.755,37809452
2026-03-10T13:30:00.000Z,607.78998,613.28009,605.41998,613.16681,35120091
2026-03-10T17:30:00.000Z,613.15997,613.15997,606.57001,607.64001,25736622
2026-03-11T13:30:00.000Z,608.95001,612.42999,605.51001,608.27002,39031519
2026-03-11T17:30:00.000Z,608.28003,608.48999,605.030029,607.72998,19086079
2026-03-12T13:30:00.000Z,602.76001,604.13,597.53003,599.69781,54164200
2026-03-12T17:30:00.000Z,599.75,600.70001,597.049988,597.34003,20698052
2026-03-13T13:30:00.000Z,599.72998,603.59991,593.42999,594.97998,40107625
2026-03-13T17:30:00.000Z,594.96997,595.5,592.57001,593.69,20624400
2026-03-16T13:30:00.000Z,600.039978,602.59998,599.12,600.98999,250633975
2026-03-16T17:30:00.000Z,601.01001,603.85498,599.53003,600.31,201720990
2026-03-17T13:30:00.000Z,603.14001,605.89001,601.87,603.57001,235865322
2026-03-17T17:30:00.000Z,603.53003,604.53003,602.685,603.38,115950475
2026-03-18T13:30:00.000Z,601.5,603.15002,598.29999,599.15009,345313287
2026-03-18T17:30:00.000Z,599.16998,601.15997,594.56,594.76001,250339643
2026-03-19T13:30:00.000Z,589.52502,593.13,587.080017,590.049988,443743494
2026-03-19T17:30:00.000Z,590.039978,595.79999,589.14001,592.97998,422632904
2026-03-20T13:30:00.000Z,591.070007,591.15002,584.83002,585.039978,48530909
2026-03-20T17:30:00.000Z,585.049988,585.21503,578.53998,582.070007,35839913
2026-03-23T13:30:00.000Z,590.46997,595.080017,585.96002,587.15002,77112741
2026-03-23T17:30:00.000Z,587.14001,591.51001,587.125,588.16998,21480810
2026-03-24T13:30:00.000Z,584.82001,587.92999,581.94,583.51001,33898104
2026-03-24T17:30:00.000Z,583.46997,587.038025,582.59003,583.92999,16660641
2026-03-25T13:30:00.000Z,589.10999,591.37,585.69,589.094971,97499769
2026-03-25T17:30:00.000Z,589.099976,590.57001,586.26501,587.72998,64912286
2026-03-26T13:30:00.000Z,582.59998,584.60999,577.27502,577.80499,45898088
2026-03-26T17:30:00.000Z,577.77002,578.22998,573.43103,573.71002,28694501
2026-03-27T13:30:00.000Z,570.81,571.02002,564.15002,564.19,50062446
2026-03-27T17:30:00.000Z,564.16101,564.91498,561.57001,562.5,27988651
2026-03-30T13:30:00.000Z,567.34497,568.039978,559.65002,559.7699,42636108
2026-03-30T17:30:00.000Z,559.77002,561.14001,555.59998,558.27032,24093782
2026-03-31T13:30:00.000Z,564.28998,576.21002,564.21002,574.47998,55053755
2026-03-31T17:30:00.000Z,574.51001,578.64001,573.11401,577.19,34569977
2026-04-01T13:30:00.000Z,581.47998,587.73901,580.41998,587.34003,42740443
2026-04-01T17:30:00.000Z,587.34747,587.54999,582.32648,584.28998,32679267
2026-04-02T13:30:00.000Z,573.96997,585.98993,571.91998,583.53992,37902320
2026-04-02T17:30:00.000Z,583.56,585.090027,581.14001,584.96002,11024548
2026-04-06T13:30:00.000Z,586.20001,590.60999,584.69,587.15002,24065511
2026-04-06T17:30:00.000Z,587.15997,588.83002,585.71002,588.53003,9184565
2026-04-07T13:30:00.000Z,585.63,587.059998,578.40009,584.32001,26373729
2026-04-07T17:30:00.000Z,584.34003,588.97998,581.65997,588.71997,16240222
2026-04-08T13:30:00.000Z,608.71002,609.88,602.13,605.89502,39033420
2026-04-08T17:30:00.000Z,605.88,607.099976,602.56,605.91998,19300132
2026-04-09T13:30:00.000Z,606.039978,610.35999,603.030029,609.37012,23214862
2026-04-09T17:30:00.000Z,609.37,610.5,607.53003,610.080017,11756454
2026-04-10T13:30:00.000Z,611.84998,613.66998,609.58002,609.85999,20911212
2026-04-10T17:30:00.000Z,609.84497,611.47998,609.60999,611.02002,10420541
2026-04-13T13:30:00.000Z,609.56,614.8252,608.10999,614.59998,20522769
2026-04-13T17:30:00.000Z,614.59003,617.96002,613.81,617.32001,9451428
2026-04-14T13:30:00.000Z,620.27002,627.46503,620.099976,627.059998,30717881
2026-04-14T17:30:00.000Z,627.080017,628.59998,625.67999,628.53998,16205777
2026-04-15T13:30:00.000Z,629.08,634.56,628.21,633.04,656873
2026-04-15T17:30:00.000Z,633.03,637.65,632.695,637.37,1432265
2026-04-16T13:30:00.000Z,639.21503,642.17999,635.255,640.13,24867926
2026-04-16T17:30:00.000Z,640.14001,640.91998,637.20001,640.40997,14745500
2026-04-17T13:30:00.000Z,645.54999,650,644.070007,647.37988,35461410
2026-04-17T17:30:00.000Z,647.34003,648.84998,646.94,648.78003,14074555
2026-04-20T13:30:00.000Z,648.039978,648.75,642.52002,645.60999,25694826
2026-04-20T17:30:00.000Z,645.59998,646.92999,645.31,646.77002,8359316
2026-04-21T13:30:00.000Z,648.39001,650.20001,643.36499,644.17963,21873140
2026-04-21T17:30:00.000Z,644.17999,647.83002,642.21002,644.28003,14293729
2026-04-22T13:30:00.000Z,650.26001,654.25,648.52002,653.71002,20299379
2026-04-22T17:30:00.000Z,653.72998,655.33002,652.53003,655.080017,12797240
2026-04-23T13:30:00.000Z,653.53998,656.91998,649.79999,650.065002,19787929
2026-04-23T17:30:00.000Z,650.080017,652.73999,645.52502,651.40997,16426433
2026-04-24T13:30:00.000Z,658.46997,663.73993,656.53009,662.62,26250670
2026-04-24T17:30:00.000Z,662.60498,664.51001,662.32001,663.90997,15045060
2026-04-27T13:30:00.000Z,663.38501,663.84998,660.69,663.46997,19985559
2026-04-27T17:30:00.000Z,663.44,664.41998,662.92999,664.27002,10817198
2026-04-28T13:30:00.000Z,657.45502,659.64001,653.81,655.58002,22773126
2026-04-28T17:30:00.000Z,655.58002,658.96399,655.56201,657.57001,9394213
2026-04-29T13:30:00.000Z,658.58002,661.22998,656.5899,658.70679,16028364
2026-04-29T17:30:00.000Z,658.78998,661.71997,657.39001,661.58002,10776109
2026-04-30T13:30:00.000Z,665.31,665.31201,657.56,664.78003,24097053
2026-04-30T17:30:00.000Z,664.77502,668.75,664.76001,667.57001,13560938
2026-05-01T13:30:00.000Z,669.15997,675.96997,668.79999,675.25,26216599
2026-05-01T17:30:00.000Z,675.25,675.65997,673.090088,674.15997,9748658
2026-05-04T13:30:00.000Z,674.64001,676.72998,668.90002,673.22241,22608744
2026-05-04T17:30:00.000Z,673.23999,673.78992,671.39001,672.88,9169301
2026-05-05T13:30:00.000Z,677.95001,681.94,677.51001,681.745,22552923
2026-05-05T17:30:00.000Z,681.75,682.77338,680.86829,681.51001,10836403
2026-05-06T13:30:00.000Z,687.81,692.84998,686.47998,692.41998,22234801
2026-05-06T17:30:00.000Z,692.40997,695.92999,692.37,695.59003,12915875
2026-05-07T13:30:00.000Z,696.59003,701.23,691.78003,693.075012,24534676
2026-05-07T17:30:00.000Z,693.090027,695.78003,692.48499,694.91998,15818734
2026-05-08T13:30:00.000Z,699.91998,710.46002,699.51,710.20001,26074832
2026-05-08T17:30:00.000Z,710.21002,711.13,708.54602,711.10999,15571305
2026-05-11T13:30:00.000Z,710.35999,714.59003,708.90997,713.54999,21426179
2026-05-11T17:30:00.000Z,713.51001,714.46002,711.87,713.34998,10861630
2026-05-12T13:30:00.000Z,708.17499,710.17999,696.64,700.23499,29054473
2026-05-12T17:30:00.000Z,700.25,707.55,699.96002,707.20001,13329232
2026-05-13T13:30:00.000Z,709.82001,715.02002,704.83002,714.80499,23249490
2026-05-13T17:30:00.000Z,714.78998,716.65002,713.67499,714.47998,12872297
2026-05-14T13:30:00.000Z,714.62,722.030029,714.21997,718.78998,21578839
2026-05-14T17:30:00.000Z,718.81,721.33002,718.57001,719.71503,9067656
2026-05-15T13:30:00.000Z,710.10498,713.72998,705.54999,713.46997,29902668
2026-05-15T17:30:00.000Z,713.45001,715.13,708.38,708.88,15793563
2026-05-18T13:30:00.000Z,711.53998,712.070007,699.61,703.60303,32192513
2026-05-18T17:30:00.000Z,703.62,706.15997,698.85,705.70001,15388107
2026-05-19T13:30:00.000Z,699.81,706.48999,695.25,705.44501,30302586
2026-05-19T17:30:00.000Z,705.44,706.33002,700.20001,701.53003,13888468
2026-05-20T13:30:00.000Z,705.32001,713.099976,703.76,710.67999,22034444
2026-05-20T17:30:00.000Z,710.71002,713.10999,710.17798,713.070007,10944141
2026-05-21T13:30:00.000Z,709,715.21002,706.77002,713.66998,21910316
2026-05-21T17:30:00.000Z,713.745,717.12,710.90997,714.44,12346347
2026-05-22T13:30:00.000Z,718.059998,721.85,715.96,721.84003,18160243
2026-05-22T17:30:00.000Z,721.87,722.12,716.92499,717.42999,11693734
2026-05-26T13:30:00.000Z,726.025024,731.17,724.15997,727.59991,22261798
2026-05-26T17:30:00.000Z,727.5921,731.02002,727.32013,730.21503,9176407
2026-05-27T13:30:00.000Z,732.95001,733.32001,725.44,727.29999,25061732
2026-05-27T17:30:00.000Z,727.34998,730.069885,726.97009,729.48999,7964700
2026-05-28T13:30:00.000Z,729.73999,736.45001,726.40997,735.57501,20590760
2026-05-28T17:30:00.000Z,735.58002,736.6,734.91998,735.57001,10027343
2026-05-29T13:30:00.000Z,737.71008,741.60999,735.25,737.63,21602518
2026-05-29T17:30:00.000Z,737.63,739.41998,735.78003,738.22498,11448625
2026-06-01T13:30:00.000Z,737.13,743.47998,735.98999,743.40997,19626117
2026-06-01T17:30:00.000Z,743.48999,745.64001,742.34003,742.69,11344683
2026-06-02T13:30:00.000Z,742.46002,746.21997,739.22998,744.55499,18725338
2026-06-02T17:30:00.000Z,744.56,746.44,743.5,746.14001,9039858
2026-06-03T13:30:00.000Z,747.42,748.64,741.03,742.92,1376672
2026-06-03T17:30:00.000Z,742.905,745.75,742.22,744.24,704514
2026-06-04T13:30:00.000Z,735.48999,741.47,732.62,741.39001,23622095
2026-06-04T17:30:00.000Z,741.38501,744.21002,740.39001,740.5,12785512
2026-06-05T13:30:00.000Z,729.92603,731.67999,713.69,715.65002,46239475
2026-06-05T17:30:00.000Z,715.62,717.21002,704.32001,705.21002,43251650
